{
    "righe_totali": 125962,
    "feature_usate": [
        "angle",
        "trackPos",
        "speedX",
        "speedY",
        "wsv_avg",
        "track_0",
        "track_1",
        "track_2",
        "track_3",
        "track_4",
        "track_5",
        "track_6",
        "track_7",
        "track_8",
        "track_9",
        "track_10",
        "track_11",
        "track_12",
        "track_13",
        "track_14",
        "track_15",
        "track_16",
        "track_17",
        "track_18"
    ],
    "medie_target": {
        "target_steer": 0.06082729954925915,
        "target_accel": 0.6242692872615244,
        "target_brake": 0.06655665274260182
    },
    "std_target": {
        "target_steer": 0.36865281133955,
        "target_accel": 0.44523742732105287,
        "target_brake": 0.22978399405068464
    }
}