{
    "k": 3,
    "results": {
        "target_steer": {
            "mae": 0.0585503699142816,
            "rmse": 0.1428794540400227,
            "r2": 0.8500524179653755
        },
        "target_accel": {
            "mae": 0.08162736183541006,
            "rmse": 0.18194565616953812,
            "r2": 0.8324328888759209
        },
        "target_brake": {
            "mae": 0.021721869028361693,
            "rmse": 0.10361452027639655,
            "r2": 0.7991295377602371
        }
    }
}